title,company,location,link
Hackers wanted-Looking for a Senior Developer (m/f/d) with Team Lead Experience!,freiheit.com technologies gmbh,"Hamburg, Deutschland",https://stackoverflow.com/jobs/91520
Software Engineer,"KnowledgeBridge International, Inc.","Reston, VA",https://stackoverflow.com/jobs/457472
Flutter Developer (m/f/d),QuickBird Studios GmbH,"Munich, Germany",https://stackoverflow.com/jobs/421736
Software Engineering Lead - Front End/UI/JavaScript,"JPMorgan Chase Bank, N.A.","Columbus, OH",https://stackoverflow.com/jobs/483275
Software Engineer,Realtor.com,"Richmond, BC, Canada",https://stackoverflow.com/jobs/482974
Software Engineer,Realtor.com,"Austin, TX",https://stackoverflow.com/jobs/482973
"React.js TypeScript GraphQL Frontend (m/f/x,Senior) - Global Webshop Engineering","AVANTGARDE - ""Creating Fans""","München, Deutschland",https://stackoverflow.com/jobs/433429
Mobile Developer nativ (Android/iOS) (m/w/d),Zelfi AG,"Mainz, Deutschland",https://stackoverflow.com/jobs/466851
Hackers wanted - Software Engineers (m/f/d) & Machine Learning Experts (m/f/d),freiheit.com technologies gmbh,"Lissabon, Portugal",https://stackoverflow.com/jobs/254089
Hackers wanted - Software Engineers (m/f/d) & Machine Learning Experts (m/f/d),freiheit.com technologies gmbh,"Hamburg, Deutschland",https://stackoverflow.com/jobs/165266
Hackers wanted-Looking for a Senior Developer (m/f/d) with Team Lead Experience!,freiheit.com technologies gmbh,"Lissabon, Portugal",https://stackoverflow.com/jobs/197741
Full Stack Developer,BOTS by RevenYOU,"Haarlem, Netherlands",https://stackoverflow.com/jobs/432973
Senior Front End Developer,BOTS by RevenYOU,"Haarlem, Netherlands",https://stackoverflow.com/jobs/432956
Software Engineer Embedded Systems (m/w/d),M-Way Solutions GmbH,"Stuttgart, Deutschland",https://stackoverflow.com/jobs/445834
Android Developer (m/w/d),Thalia Bücher GmbH,"Berlin, Deutschland",https://stackoverflow.com/jobs/438776
(Senior) Mobile Engineer (Flutter) - New Platform (f/m/d),Delivery Hero SE,"Berlin, Germany",https://stackoverflow.com/jobs/482109
(Senior) Softwareentwickler Backend Java (w/m/d),VisualVest GmbH,"Frankfurt am Main, Deutschland",https://stackoverflow.com/jobs/467710
(Senior) Softwareentwickler Frontend Javascript (m/w/d),VisualVest GmbH,"Frankfurt am Main, Deutschland",https://stackoverflow.com/jobs/467709
Senior Back End Developer (m/f/d),GoStudent GmbH,"Wien, Österreich",https://stackoverflow.com/jobs/457382
Dart / Flutter Developer - Shop Applications,ABOUT YOU GmbH,"Hamburg, Deutschland",https://stackoverflow.com/jobs/351153
Senior/ Lead Developer – Java/ JavaScript (m/w/d),Senacor Technologies AG,"Frankfurt am Main, Deutschland",https://stackoverflow.com/jobs/481509
Senior/ Lead Developer – Java/ JavaScript (m/w/d),Senacor Technologies AG,"Berlin, Deutschland",https://stackoverflow.com/jobs/481508
Senior/ Lead Developer – Java/ JavaScript (m/w/d),Senacor Technologies AG,"Frankfurt am Main, Deutschland",https://stackoverflow.com/jobs/481507
Junior Java Developer (m/w/d),Senacor Technologies AG,"Nürnberg, Deutschland",https://stackoverflow.com/jobs/481506
Junior Java Developer (m/w/d),Senacor Technologies AG,"Berlin, Deutschland",https://stackoverflow.com/jobs/481505
Senior Software Engineer,Realtor.com,"Austin, TX",https://stackoverflow.com/jobs/455950
Fullstack Softwareentwickler – Java / JavaScript (m/w/d),Senacor Technologies AG,"Bonn, Deutschland",https://stackoverflow.com/jobs/481504
Fullstack Softwareentwickler – Java / JavaScript (m/w/d),Senacor Technologies AG,"Frankfurt am Main, Deutschland",https://stackoverflow.com/jobs/481503
Fullstack Softwareentwickler – Java / JavaScript (m/w/d),Senacor Technologies AG,"Berlin, Deutschland",https://stackoverflow.com/jobs/481501
Senior Mobile Developer / Mobile Developer,KSK,"Kuala Lumpur, Malaysia",https://stackoverflow.com/jobs/466800
IT Expert - Software Architekt (m/f/d),Zielpuls GmbH,"München, Germany",https://stackoverflow.com/jobs/371742
Flutter Developer,BairesDev LLC,"San Francisco, CA",https://stackoverflow.com/jobs/478501
"[All level] Mobile Developer (React Native, iOS, Android)",Hot Jobs Mobile Positions in VietnamviaTopDev,"Ho Chi Minh City, Vietnam",https://stackoverflow.com/jobs/463353
"SOFTWARE ENTWICKLER (M/W/D) FÜR FULL-STACK-PROGRAMMIERUNG (JAVA, JAVASCRIPT)",Zielpuls GmbH,"München, Germany",https://stackoverflow.com/jobs/369941
Full-Stack-Softwareentwickler (m/w/d),Aufzugswerke Schmitt + Sohn GmbH & Co. KG,"Nürnberg, Deutschland",https://stackoverflow.com/jobs/462284
Full Stack Javascript Developer (m/w/d),Klassik Radio AG,"Augsburg, Germany",https://stackoverflow.com/jobs/474719
Experienced Full-Stack Engineer (Python/Django),CareSolace Inc.,"Encinitas, CA",https://stackoverflow.com/jobs/452576
Haskell Developer,Holmusk,No office location,https://stackoverflow.com/jobs/395441
"Senior Software Engineer, iOS - Core Music Experience",Epidemic Sound AB,"Stockholm, Sweden",https://stackoverflow.com/jobs/450351
Mobile Frontend Developer für New TV (m/w/d),TeraVolt GmbH,"Hamburg, Deutschland",https://stackoverflow.com/jobs/408454
Full Stack Developer (m/w/d) Android,DOM Sicherheitstechnik GmbH & Co. KG,"Brühl, Deutschland",https://stackoverflow.com/jobs/473433
Senior Flutter Developer,RateIt,"Melbourne, Australia",https://stackoverflow.com/jobs/461423
"Flutter Engineer, Mobile Banking Product, Fully Remote (North and South America)",Superformula,No office location,https://stackoverflow.com/jobs/200769
Flutter Developer,Holmusk,No office location,https://stackoverflow.com/jobs/394458
Lead (Senior) Engineer (m/f/x) eCommerce Platform (Java SpringBoot MS on GCP),"AVANTGARDE - ""Creating Fans""","München, Deutschland",https://stackoverflow.com/jobs/425377
Backend Software Engineer (Go),Avenue,"São Paulo, Brazil",https://stackoverflow.com/jobs/409540
Senior iOS Engineer,eBay,"London Borough of Richmond upon Thames, UK",https://stackoverflow.com/jobs/436906
"Mobile Engineer (Flutter, SmartTVs)",Brasil Paralelo,"Bela Vista, Brazil",https://stackoverflow.com/jobs/435911
App-Entwickler (w/m/d),Cofinpro AG,"Frankfurt am Main, Deutschland",https://stackoverflow.com/jobs/470720
Mobile QA Tester,Studitemps,"Köln, Germany",https://stackoverflow.com/jobs/458493
Android Developer (f/m),Communi5 Technologies GmbH,"Berlin, Germany",https://stackoverflow.com/jobs/415628
Flutter Mobile Developer,Curotec,No office location,https://stackoverflow.com/jobs/447565
Flutter Engineer (m/f/d),XAIN AG,"Berlin, Deutschland",https://stackoverflow.com/jobs/454391
Principal Mobile Engineer,eBay,"London, UK",https://stackoverflow.com/jobs/447408
Director of Software Engineering,FreshinUp,Remote,https://www.indeed.com/viewjob?jk=3ca5138d2488fcac
Science Teacher,The Hidden Genius Project,"Oakland, CA",https://www.indeed.com/viewjob?jk=e919acd5df1c9b01
Sr. iOS Application Developer-Flutter,Magnum Hunt,Remote,https://www.indeed.com/viewjob?jk=d320277dac2e9180
"Flutter Developer, Financial Services",DataArt,Remote,https://www.indeed.com/viewjob?jk=fa13bbdd4433b0b8
Flutter Mobile App Developer,"CIMA General Contractors, Inc.",Remote,https://www.indeed.com/viewjob?jk=7ccd3c2625445f85
Flutter Developer,Nexient,"Ann Arbor, MI",https://www.indeed.com/viewjob?jk=7843d5ce8a2860f7
Flutter Developer Independent Contractor,Effortless Development LLC.,"Austin, TX",https://www.indeed.com/viewjob?jk=a79b4fd3a2b9608b
Full Stack Developer (Flutter),Digital Mobile Agency,Remote,https://www.indeed.com/viewjob?jk=406ee8c0d6fe2a46
Flutter Engineer,HMT,"New York, NY",https://www.indeed.com/viewjob?jk=1b7b38fbacd33873
Senior Mobile App Developer (Flutter),Digitalent,Remote,https://www.indeed.com/viewjob?jk=9ada535b8efe6176
Flutter Mobile Developer (Remote),The Consultant’s Consortium,"Indianapolis, IN",https://www.indeed.com/viewjob?jk=42f008235ec4b6e2
Flutter Mobile Developer (Remote),Curotec,Remote,https://www.indeed.com/viewjob?jk=e73c06fc52519ba7
Event Planner,Zigmano,"Los Angeles, CA",https://www.indeed.com/viewjob?jk=2615b4d35011294f
Front End Developer,Rantizo,"Iowa City, IA",https://www.indeed.com/viewjob?jk=bc5c98738a8b9724
Social Media Coordinator,Progress Mfg. Inc.,"Provo, UT",https://www.indeed.com/viewjob?jk=05d16620ff4cdc7e
Mobile Engineer - Flutter,Greenbits Inc.,Oregon,https://www.indeed.com/viewjob?jk=cef935d44ee82a9e
Flutter Developer,"Matrix Precise, Inc.","Los Altos, CA",https://www.indeed.com/viewjob?jk=556489370cc09e06
Full Stack Developer,Skycart Inc,"New York, NY",https://www.indeed.com/viewjob?jk=75dd11091356c5e0
"Tech Lead/Full-stack Developer [iOS/Flutter] (Freelance, Remote)",Braintrust,"San Francisco, CA",https://www.indeed.com/viewjob?jk=855859b05f64b80e
Flutter Technical Lead - Remote,The Scotts Miracle-Gro Company,"Marysville, OH",https://www.indeed.com/viewjob?jk=51db2464f2aa73b9
Senior Flutter Engineer,Good Money,New York State,https://www.indeed.com/viewjob?jk=b07006f00e7effcf
Full Stack Web Application Developer,"CIMA General Contractors, Inc.",Remote,https://www.indeed.com/viewjob?jk=6bee3b3a1cd8fd27
Full Stack Developer,"Light Up the Dark, LLC","Belton, MO",https://www.indeed.com/viewjob?jk=22aae1dd35c6f673
iOS Application Developer,Exfinity Enterprise solutions,"San Francisco, CA",https://www.indeed.com/viewjob?jk=61e263964fce7891
Mobile QA II,Foverobrains,"Seattle, WA",https://www.indeed.com/viewjob?jk=1f9e7fb5e5fc1c2e
React Native or Flutter mobile app developer (Navi Mumbai),Nisos Health,"Brooklyn, NY",https://www.indeed.com/viewjob?jk=57551e6fcc10ed31
Full Stack Engineer,Skycart Inc,"San Francisco, CA",https://www.indeed.com/viewjob?jk=24a6bb29f0e121e7
Front End Developer,FlairTech Solutions LLC,"Brooklyn, NY",https://www.indeed.com/viewjob?jk=35450b5ecd2a4f6e
Senior Fullstack Engineer (Ruby/Rails) - 100% Remote,Surkus,Remote,https://www.indeed.com/viewjob?jk=9a1c51ed43df410b
Machine Shop Apprentice Part-Time -- Federal Ammunition,Vista Outdoor,"Anoka, MN",https://www.indeed.com/viewjob?jk=5ddd771f486e9897
Full-Stack Software Engineer,Shazam.net,"Johnston, IA",https://www.indeed.com/viewjob?jk=9be4e667b0b32e58
Frontend Web Developer,Carbonara,"Pittsburgh, PA",https://www.indeed.com/viewjob?jk=968ffe2c576a0829
Aircraft Flutter & Dynamics Technical Lead-OCONUS,LOCKHEED MARTIN CORPORATION,"Fort Worth, TX",https://www.indeed.com/viewjob?jk=8075573e80f85c00
Mobile Engineer,Betterment LLC,United States,https://www.indeed.com/viewjob?jk=fab5f0717ca89cc2
QA Analyst,ITRGroup,"Seattle, WA",https://www.indeed.com/viewjob?jk=96e7f8b7963f85ef
Senior Software Developer,Brycer,"Warrenville, IL",https://www.indeed.com/viewjob?jk=5bd47e0365134d80
Mobile Software Engineer (React-Native) (Remote),RoadBotics,Remote,https://www.indeed.com/viewjob?jk=d3cd9e6f29504e22
Quality Software Engineer,Commure,"Cambridge, MA",https://www.indeed.com/viewjob?jk=80d86bb86ff75ec2
Dev Ops / Web Developer Internship - Paid PT,Our Daily Bread,"Grand Rapids, MI",https://www.indeed.com/viewjob?jk=f605d32fdfe16aa1
"Front End Software Intern, GeForce NOW - Winter 2021",NVIDIA,"Santa Clara, CA",https://www.indeed.com/viewjob?jk=bdbb86a3581b1ad3
Senior Full Stack Web Developer,"Light Up the Dark, LLC","Belton, MO",https://www.indeed.com/viewjob?jk=3afebaf1f29d65fe
COMPUTER SCIENTIST - SPACE SCIENCE WEB DEVELOPMENT,Southwest Research Institute,"San Antonio, TX",https://www.indeed.com/viewjob?jk=a9be2bc9335cfff5
Sr Developer Full-Time Remote,"CargoTel, Inc","Littleton, CO",https://www.indeed.com/viewjob?jk=2aab1a03d2e81b5d
Mobile App Developer,Arke,"Atlanta, GA",https://www.indeed.com/viewjob?jk=ce7d48c7e7576aa1
React Developer,Fyresite,"Phoenix, AZ",https://www.indeed.com/viewjob?jk=cb70f2b0fbe93955
Junior Developer,"Towlift, Inc","Cleveland, OH",https://www.indeed.com/viewjob?jk=e540a5f05f78776a
Head of Account Management,Genius Sports Group,"New York, NY",https://www.indeed.com/viewjob?jk=c3fa5ca4b1747ce6
Android Developer,Full Visbility,United States,https://www.indeed.com/viewjob?jk=0dcef7ee6079f3fd
Software Developer (Flutter),Ideatree,"West Hollywood, CA",https://www.indeed.com/viewjob?jk=7c4e03e85174f27c
Aircraft Flutter & Dynamics Technical Lead-OCONUS,Sikorsky Aircraft Corporation,"Fort Worth, TX",https://www.indeed.com/viewjob?jk=54ef967f3afa6342
Director of Software Engineering,FreshinUp,Remote,https://www.indeed.com/viewjob?jk=3ca5138d2488fcac
Full Stack Developer,Reliable PBX Corp,United States,https://www.indeed.com/viewjob?jk=8608293fc3e841d8
Event Planner,Zigmano,"Los Angeles, CA",https://www.indeed.com/viewjob?jk=2615b4d35011294f
Sr. iOS Application Developer-Flutter,Magnum Hunt,Remote,https://www.indeed.com/viewjob?jk=d320277dac2e9180
"Flutter Developer, Financial Services",DataArt,Remote,https://www.indeed.com/viewjob?jk=fa13bbdd4433b0b8
Flutter Mobile App Developer,"CIMA General Contractors, Inc.",Remote,https://www.indeed.com/viewjob?jk=7ccd3c2625445f85
Flutter Developer,Nexient,"Ann Arbor, MI",https://www.indeed.com/viewjob?jk=7843d5ce8a2860f7
Flutter Developer Independent Contractor,Effortless Development LLC.,"Austin, TX",https://www.indeed.com/viewjob?jk=a79b4fd3a2b9608b
Full Stack Developer (Flutter),Digital Mobile Agency,Remote,https://www.indeed.com/viewjob?jk=406ee8c0d6fe2a46
Flutter Engineer,HMT,"New York, NY",https://www.indeed.com/viewjob?jk=1b7b38fbacd33873
Senior Mobile App Developer (Flutter),Digitalent,Remote,https://www.indeed.com/viewjob?jk=9ada535b8efe6176
Flutter Mobile Developer (Remote),The Consultant’s Consortium,"Indianapolis, IN",https://www.indeed.com/viewjob?jk=42f008235ec4b6e2
Flutter Mobile Developer (Remote),Curotec,Remote,https://www.indeed.com/viewjob?jk=e73c06fc52519ba7
Front End Developer,Rantizo,"Iowa City, IA",https://www.indeed.com/viewjob?jk=bc5c98738a8b9724
Social Media Coordinator,Progress Mfg. Inc.,"Provo, UT",https://www.indeed.com/viewjob?jk=05d16620ff4cdc7e
Mobile Engineer - Flutter,Greenbits Inc.,Oregon,https://www.indeed.com/viewjob?jk=cef935d44ee82a9e
Flutter Developer,"Matrix Precise, Inc.","Los Altos, CA",https://www.indeed.com/viewjob?jk=556489370cc09e06
Full Stack Developer,Skycart Inc,"New York, NY",https://www.indeed.com/viewjob?jk=75dd11091356c5e0
"Tech Lead/Full-stack Developer [iOS/Flutter] (Freelance, Remote)",Braintrust,"San Francisco, CA",https://www.indeed.com/viewjob?jk=855859b05f64b80e
Flutter Technical Lead - Remote,The Scotts Miracle-Gro Company,"Marysville, OH",https://www.indeed.com/viewjob?jk=51db2464f2aa73b9
Senior Flutter Engineer,Good Money,New York State,https://www.indeed.com/viewjob?jk=b07006f00e7effcf
Science Teacher,The Hidden Genius Project,"Oakland, CA",https://www.indeed.com/viewjob?jk=e919acd5df1c9b01
Full Stack Web Application Developer,"CIMA General Contractors, Inc.",Remote,https://www.indeed.com/viewjob?jk=6bee3b3a1cd8fd27
Full Stack Developer,"Light Up the Dark, LLC","Belton, MO",https://www.indeed.com/viewjob?jk=22aae1dd35c6f673
iOS Application Developer,Exfinity Enterprise solutions,"San Francisco, CA",https://www.indeed.com/viewjob?jk=61e263964fce7891
Mobile QA II,Foverobrains,"Seattle, WA",https://www.indeed.com/viewjob?jk=1f9e7fb5e5fc1c2e
React Native or Flutter mobile app developer (Navi Mumbai),Nisos Health,"Brooklyn, NY",https://www.indeed.com/viewjob?jk=57551e6fcc10ed31
Full Stack Engineer,Skycart Inc,"San Francisco, CA",https://www.indeed.com/viewjob?jk=24a6bb29f0e121e7
Front End Developer,FlairTech Solutions LLC,"Brooklyn, NY",https://www.indeed.com/viewjob?jk=35450b5ecd2a4f6e
Senior Fullstack Engineer (Ruby/Rails) - 100% Remote,Surkus,Remote,https://www.indeed.com/viewjob?jk=9a1c51ed43df410b
Machine Shop Apprentice Part-Time -- Federal Ammunition,Vista Outdoor,"Anoka, MN",https://www.indeed.com/viewjob?jk=5ddd771f486e9897
Full-Stack Software Engineer,Shazam.net,"Johnston, IA",https://www.indeed.com/viewjob?jk=9be4e667b0b32e58
Frontend Web Developer,Carbonara,"Pittsburgh, PA",https://www.indeed.com/viewjob?jk=968ffe2c576a0829
Aircraft Flutter & Dynamics Technical Lead-OCONUS,LOCKHEED MARTIN CORPORATION,"Fort Worth, TX",https://www.indeed.com/viewjob?jk=8075573e80f85c00
Mobile Engineer,Betterment LLC,United States,https://www.indeed.com/viewjob?jk=fab5f0717ca89cc2
QA Analyst,ITRGroup,"Seattle, WA",https://www.indeed.com/viewjob?jk=96e7f8b7963f85ef
Senior Software Developer,Brycer,"Warrenville, IL",https://www.indeed.com/viewjob?jk=5bd47e0365134d80
Mobile Software Engineer (React-Native) (Remote),RoadBotics,Remote,https://www.indeed.com/viewjob?jk=d3cd9e6f29504e22
Quality Software Engineer,Commure,"Cambridge, MA",https://www.indeed.com/viewjob?jk=80d86bb86ff75ec2
Dev Ops / Web Developer Internship - Paid PT,Our Daily Bread,"Grand Rapids, MI",https://www.indeed.com/viewjob?jk=f605d32fdfe16aa1
"Front End Software Intern, GeForce NOW - Winter 2021",NVIDIA,"Santa Clara, CA",https://www.indeed.com/viewjob?jk=bdbb86a3581b1ad3
Senior Full Stack Web Developer,"Light Up the Dark, LLC","Belton, MO",https://www.indeed.com/viewjob?jk=3afebaf1f29d65fe
COMPUTER SCIENTIST - SPACE SCIENCE WEB DEVELOPMENT,Southwest Research Institute,"San Antonio, TX",https://www.indeed.com/viewjob?jk=a9be2bc9335cfff5
Sr Developer Full-Time Remote,"CargoTel, Inc","Littleton, CO",https://www.indeed.com/viewjob?jk=2aab1a03d2e81b5d
Mobile App Developer,Arke,"Atlanta, GA",https://www.indeed.com/viewjob?jk=ce7d48c7e7576aa1
React Developer,Fyresite,"Phoenix, AZ",https://www.indeed.com/viewjob?jk=cb70f2b0fbe93955
Junior Developer,"Towlift, Inc","Cleveland, OH",https://www.indeed.com/viewjob?jk=e540a5f05f78776a
Head of Account Management,Genius Sports Group,"New York, NY",https://www.indeed.com/viewjob?jk=c3fa5ca4b1747ce6
Android Developer,Full Visbility,United States,https://www.indeed.com/viewjob?jk=0dcef7ee6079f3fd
Software Developer (Flutter),Ideatree,"West Hollywood, CA",https://www.indeed.com/viewjob?jk=7c4e03e85174f27c
Senior Software Engineer,Brycer,"Warrenville, IL",https://www.indeed.com/viewjob?jk=f7084769c65bce22
Flutter Frontend Developer - Lead Frontend,Carbonara,"Pittsburgh, PA",https://www.indeed.com/viewjob?jk=1a2b149484d1a175
Senior Software Engineer,Best Version Media,Colorado,https://www.indeed.com/viewjob?jk=747aee590a4c471a
Sr. iOS Application Developer-Flutter,Magnum Hunt,Remote,https://www.indeed.com/viewjob?jk=d320277dac2e9180
"Flutter Developer, Financial Services",DataArt,Remote,https://www.indeed.com/viewjob?jk=fa13bbdd4433b0b8
Flutter Mobile App Developer,"CIMA General Contractors, Inc.",Remote,https://www.indeed.com/viewjob?jk=7ccd3c2625445f85
Flutter Developer,Nexient,"Ann Arbor, MI",https://www.indeed.com/viewjob?jk=7843d5ce8a2860f7
Flutter Developer Independent Contractor,Effortless Development LLC.,"Austin, TX",https://www.indeed.com/viewjob?jk=a79b4fd3a2b9608b
Full Stack Developer (Flutter),Digital Mobile Agency,Remote,https://www.indeed.com/viewjob?jk=406ee8c0d6fe2a46
Flutter Engineer,HMT,"New York, NY",https://www.indeed.com/viewjob?jk=1b7b38fbacd33873
Senior Mobile App Developer (Flutter),Digitalent,Remote,https://www.indeed.com/viewjob?jk=9ada535b8efe6176
Flutter Mobile Developer (Remote),The Consultant’s Consortium,"Indianapolis, IN",https://www.indeed.com/viewjob?jk=42f008235ec4b6e2
Flutter Mobile Developer (Remote),Curotec,Remote,https://www.indeed.com/viewjob?jk=e73c06fc52519ba7
Event Planner,Zigmano,"Los Angeles, CA",https://www.indeed.com/viewjob?jk=2615b4d35011294f
Front End Developer,Rantizo,"Iowa City, IA",https://www.indeed.com/viewjob?jk=bc5c98738a8b9724
Social Media Coordinator,Progress Mfg. Inc.,"Provo, UT",https://www.indeed.com/viewjob?jk=05d16620ff4cdc7e
Mobile Engineer - Flutter,Greenbits Inc.,Oregon,https://www.indeed.com/viewjob?jk=cef935d44ee82a9e
Flutter Developer,"Matrix Precise, Inc.","Los Altos, CA",https://www.indeed.com/viewjob?jk=556489370cc09e06
Full Stack Developer,Skycart Inc,"New York, NY",https://www.indeed.com/viewjob?jk=75dd11091356c5e0
"Tech Lead/Full-stack Developer [iOS/Flutter] (Freelance, Remote)",Braintrust,"San Francisco, CA",https://www.indeed.com/viewjob?jk=855859b05f64b80e
Flutter Technical Lead - Remote,The Scotts Miracle-Gro Company,"Marysville, OH",https://www.indeed.com/viewjob?jk=51db2464f2aa73b9
Senior Flutter Engineer,Good Money,New York State,https://www.indeed.com/viewjob?jk=b07006f00e7effcf
Science Teacher,The Hidden Genius Project,"Oakland, CA",https://www.indeed.com/viewjob?jk=e919acd5df1c9b01
Full Stack Web Application Developer,"CIMA General Contractors, Inc.",Remote,https://www.indeed.com/viewjob?jk=6bee3b3a1cd8fd27
Full Stack Developer,"Light Up the Dark, LLC","Belton, MO",https://www.indeed.com/viewjob?jk=22aae1dd35c6f673
iOS Application Developer,Exfinity Enterprise solutions,"San Francisco, CA",https://www.indeed.com/viewjob?jk=61e263964fce7891
Mobile QA II,Foverobrains,"Seattle, WA",https://www.indeed.com/viewjob?jk=1f9e7fb5e5fc1c2e
React Native or Flutter mobile app developer (Navi Mumbai),Nisos Health,"Brooklyn, NY",https://www.indeed.com/viewjob?jk=57551e6fcc10ed31
Full Stack Engineer,Skycart Inc,"San Francisco, CA",https://www.indeed.com/viewjob?jk=24a6bb29f0e121e7
Front End Developer,FlairTech Solutions LLC,"Brooklyn, NY",https://www.indeed.com/viewjob?jk=35450b5ecd2a4f6e
Senior Fullstack Engineer (Ruby/Rails) - 100% Remote,Surkus,Remote,https://www.indeed.com/viewjob?jk=9a1c51ed43df410b
Machine Shop Apprentice Part-Time -- Federal Ammunition,Vista Outdoor,"Anoka, MN",https://www.indeed.com/viewjob?jk=5ddd771f486e9897
Full-Stack Software Engineer,Shazam.net,"Johnston, IA",https://www.indeed.com/viewjob?jk=9be4e667b0b32e58
Frontend Web Developer,Carbonara,"Pittsburgh, PA",https://www.indeed.com/viewjob?jk=968ffe2c576a0829
Aircraft Flutter & Dynamics Technical Lead-OCONUS,LOCKHEED MARTIN CORPORATION,"Fort Worth, TX",https://www.indeed.com/viewjob?jk=8075573e80f85c00
Mobile Engineer,Betterment LLC,United States,https://www.indeed.com/viewjob?jk=fab5f0717ca89cc2
QA Analyst,ITRGroup,"Seattle, WA",https://www.indeed.com/viewjob?jk=96e7f8b7963f85ef
Senior Software Developer,Brycer,"Warrenville, IL",https://www.indeed.com/viewjob?jk=5bd47e0365134d80
Mobile Software Engineer (React-Native) (Remote),RoadBotics,Remote,https://www.indeed.com/viewjob?jk=d3cd9e6f29504e22
Quality Software Engineer,Commure,"Cambridge, MA",https://www.indeed.com/viewjob?jk=80d86bb86ff75ec2
Dev Ops / Web Developer Internship - Paid PT,Our Daily Bread,"Grand Rapids, MI",https://www.indeed.com/viewjob?jk=f605d32fdfe16aa1
"Front End Software Intern, GeForce NOW - Winter 2021",NVIDIA,"Santa Clara, CA",https://www.indeed.com/viewjob?jk=bdbb86a3581b1ad3
Senior Full Stack Web Developer,"Light Up the Dark, LLC","Belton, MO",https://www.indeed.com/viewjob?jk=3afebaf1f29d65fe
COMPUTER SCIENTIST - SPACE SCIENCE WEB DEVELOPMENT,Southwest Research Institute,"San Antonio, TX",https://www.indeed.com/viewjob?jk=a9be2bc9335cfff5
Sr Developer Full-Time Remote,"CargoTel, Inc","Littleton, CO",https://www.indeed.com/viewjob?jk=2aab1a03d2e81b5d
Mobile App Developer,Arke,"Atlanta, GA",https://www.indeed.com/viewjob?jk=ce7d48c7e7576aa1
React Developer,Fyresite,"Phoenix, AZ",https://www.indeed.com/viewjob?jk=cb70f2b0fbe93955
Junior Developer,"Towlift, Inc","Cleveland, OH",https://www.indeed.com/viewjob?jk=e540a5f05f78776a
Head of Account Management,Genius Sports Group,"New York, NY",https://www.indeed.com/viewjob?jk=c3fa5ca4b1747ce6
Android Developer,Full Visbility,United States,https://www.indeed.com/viewjob?jk=0dcef7ee6079f3fd
Software Developer (Flutter),Ideatree,"West Hollywood, CA",https://www.indeed.com/viewjob?jk=7c4e03e85174f27c
Aircraft Flutter & Dynamics Technical Lead-OCONUS,Sikorsky Aircraft Corporation,"Fort Worth, TX",https://www.indeed.com/viewjob?jk=54ef967f3afa6342
Analytics Vice President,FanDuel,"New York, NY",https://www.indeed.com/viewjob?jk=9948ed15143e791e
Sr. iOS Application Developer-Flutter,Magnum Hunt,Remote,https://www.indeed.com/viewjob?jk=d320277dac2e9180
"Flutter Developer, Financial Services",DataArt,Remote,https://www.indeed.com/viewjob?jk=fa13bbdd4433b0b8
Flutter Mobile App Developer,"CIMA General Contractors, Inc.",Remote,https://www.indeed.com/viewjob?jk=7ccd3c2625445f85
Flutter Developer,Nexient,"Ann Arbor, MI",https://www.indeed.com/viewjob?jk=7843d5ce8a2860f7
Flutter Developer Independent Contractor,Effortless Development LLC.,"Austin, TX",https://www.indeed.com/viewjob?jk=a79b4fd3a2b9608b
Full Stack Developer (Flutter),Digital Mobile Agency,Remote,https://www.indeed.com/viewjob?jk=406ee8c0d6fe2a46
Flutter Engineer,HMT,"New York, NY",https://www.indeed.com/viewjob?jk=1b7b38fbacd33873
Senior Mobile App Developer (Flutter),Digitalent,Remote,https://www.indeed.com/viewjob?jk=9ada535b8efe6176
Flutter Mobile Developer (Remote),The Consultant’s Consortium,"Indianapolis, IN",https://www.indeed.com/viewjob?jk=42f008235ec4b6e2
Flutter Mobile Developer (Remote),Curotec,Remote,https://www.indeed.com/viewjob?jk=e73c06fc52519ba7
Event Planner,Zigmano,"Los Angeles, CA",https://www.indeed.com/viewjob?jk=2615b4d35011294f
Front End Developer,Rantizo,"Iowa City, IA",https://www.indeed.com/viewjob?jk=bc5c98738a8b9724
Social Media Coordinator,Progress Mfg. Inc.,"Provo, UT",https://www.indeed.com/viewjob?jk=05d16620ff4cdc7e
Mobile Engineer - Flutter,Greenbits Inc.,Oregon,https://www.indeed.com/viewjob?jk=cef935d44ee82a9e
Flutter Developer,"Matrix Precise, Inc.","Los Altos, CA",https://www.indeed.com/viewjob?jk=556489370cc09e06
Full Stack Developer,Skycart Inc,"New York, NY",https://www.indeed.com/viewjob?jk=75dd11091356c5e0
"Tech Lead/Full-stack Developer [iOS/Flutter] (Freelance, Remote)",Braintrust,"San Francisco, CA",https://www.indeed.com/viewjob?jk=855859b05f64b80e
Flutter Technical Lead - Remote,The Scotts Miracle-Gro Company,"Marysville, OH",https://www.indeed.com/viewjob?jk=51db2464f2aa73b9
Senior Flutter Engineer,Good Money,New York State,https://www.indeed.com/viewjob?jk=b07006f00e7effcf
Science Teacher,The Hidden Genius Project,"Oakland, CA",https://www.indeed.com/viewjob?jk=e919acd5df1c9b01
Full Stack Web Application Developer,"CIMA General Contractors, Inc.",Remote,https://www.indeed.com/viewjob?jk=6bee3b3a1cd8fd27
Full Stack Developer,"Light Up the Dark, LLC","Belton, MO",https://www.indeed.com/viewjob?jk=22aae1dd35c6f673
iOS Application Developer,Exfinity Enterprise solutions,"San Francisco, CA",https://www.indeed.com/viewjob?jk=61e263964fce7891
Mobile QA II,Foverobrains,"Seattle, WA",https://www.indeed.com/viewjob?jk=1f9e7fb5e5fc1c2e
React Native or Flutter mobile app developer (Navi Mumbai),Nisos Health,"Brooklyn, NY",https://www.indeed.com/viewjob?jk=57551e6fcc10ed31
Full Stack Engineer,Skycart Inc,"San Francisco, CA",https://www.indeed.com/viewjob?jk=24a6bb29f0e121e7
Front End Developer,FlairTech Solutions LLC,"Brooklyn, NY",https://www.indeed.com/viewjob?jk=35450b5ecd2a4f6e
Senior Fullstack Engineer (Ruby/Rails) - 100% Remote,Surkus,Remote,https://www.indeed.com/viewjob?jk=9a1c51ed43df410b
Machine Shop Apprentice Part-Time -- Federal Ammunition,Vista Outdoor,"Anoka, MN",https://www.indeed.com/viewjob?jk=5ddd771f486e9897
Full-Stack Software Engineer,Shazam.net,"Johnston, IA",https://www.indeed.com/viewjob?jk=9be4e667b0b32e58
Frontend Web Developer,Carbonara,"Pittsburgh, PA",https://www.indeed.com/viewjob?jk=968ffe2c576a0829
Aircraft Flutter & Dynamics Technical Lead-OCONUS,LOCKHEED MARTIN CORPORATION,"Fort Worth, TX",https://www.indeed.com/viewjob?jk=8075573e80f85c00
Mobile Engineer,Betterment LLC,United States,https://www.indeed.com/viewjob?jk=fab5f0717ca89cc2
QA Analyst,ITRGroup,"Seattle, WA",https://www.indeed.com/viewjob?jk=96e7f8b7963f85ef
Senior Software Developer,Brycer,"Warrenville, IL",https://www.indeed.com/viewjob?jk=5bd47e0365134d80
Mobile Software Engineer (React-Native) (Remote),RoadBotics,Remote,https://www.indeed.com/viewjob?jk=d3cd9e6f29504e22
Quality Software Engineer,Commure,"Cambridge, MA",https://www.indeed.com/viewjob?jk=80d86bb86ff75ec2
Dev Ops / Web Developer Internship - Paid PT,Our Daily Bread,"Grand Rapids, MI",https://www.indeed.com/viewjob?jk=f605d32fdfe16aa1
"Front End Software Intern, GeForce NOW - Winter 2021",NVIDIA,"Santa Clara, CA",https://www.indeed.com/viewjob?jk=bdbb86a3581b1ad3
Senior Full Stack Web Developer,"Light Up the Dark, LLC","Belton, MO",https://www.indeed.com/viewjob?jk=3afebaf1f29d65fe
COMPUTER SCIENTIST - SPACE SCIENCE WEB DEVELOPMENT,Southwest Research Institute,"San Antonio, TX",https://www.indeed.com/viewjob?jk=a9be2bc9335cfff5
Sr Developer Full-Time Remote,"CargoTel, Inc","Littleton, CO",https://www.indeed.com/viewjob?jk=2aab1a03d2e81b5d
Mobile App Developer,Arke,"Atlanta, GA",https://www.indeed.com/viewjob?jk=ce7d48c7e7576aa1
React Developer,Fyresite,"Phoenix, AZ",https://www.indeed.com/viewjob?jk=cb70f2b0fbe93955
Junior Developer,"Towlift, Inc","Cleveland, OH",https://www.indeed.com/viewjob?jk=e540a5f05f78776a
Head of Account Management,Genius Sports Group,"New York, NY",https://www.indeed.com/viewjob?jk=c3fa5ca4b1747ce6
Android Developer,Full Visbility,United States,https://www.indeed.com/viewjob?jk=0dcef7ee6079f3fd
Software Developer (Flutter),Ideatree,"West Hollywood, CA",https://www.indeed.com/viewjob?jk=7c4e03e85174f27c
Aircraft Flutter & Dynamics Technical Lead-OCONUS,Sikorsky Aircraft Corporation,"Fort Worth, TX",https://www.indeed.com/viewjob?jk=54ef967f3afa6342
Analytics Vice President,FanDuel,"New York, NY",https://www.indeed.com/viewjob?jk=9948ed15143e791e
Sr. iOS Application Developer-Flutter,Magnum Hunt,Remote,https://www.indeed.com/viewjob?jk=d320277dac2e9180
"Flutter Developer, Financial Services",DataArt,Remote,https://www.indeed.com/viewjob?jk=fa13bbdd4433b0b8
Event Planner,Zigmano,"Los Angeles, CA",https://www.indeed.com/viewjob?jk=2615b4d35011294f
Flutter Mobile App Developer,"CIMA General Contractors, Inc.",Remote,https://www.indeed.com/viewjob?jk=7ccd3c2625445f85
Flutter Developer,Nexient,"Ann Arbor, MI",https://www.indeed.com/viewjob?jk=7843d5ce8a2860f7
Flutter Developer Independent Contractor,Effortless Development LLC.,"Austin, TX",https://www.indeed.com/viewjob?jk=a79b4fd3a2b9608b
Full Stack Developer (Flutter),Digital Mobile Agency,Remote,https://www.indeed.com/viewjob?jk=406ee8c0d6fe2a46
Flutter Engineer,HMT,"New York, NY",https://www.indeed.com/viewjob?jk=1b7b38fbacd33873
Senior Mobile App Developer (Flutter),Digitalent,Remote,https://www.indeed.com/viewjob?jk=9ada535b8efe6176
Flutter Mobile Developer (Remote),The Consultant’s Consortium,"Indianapolis, IN",https://www.indeed.com/viewjob?jk=42f008235ec4b6e2
Flutter Mobile Developer (Remote),Curotec,Remote,https://www.indeed.com/viewjob?jk=e73c06fc52519ba7
Front End Developer,Rantizo,"Iowa City, IA",https://www.indeed.com/viewjob?jk=bc5c98738a8b9724
Social Media Coordinator,Progress Mfg. Inc.,"Provo, UT",https://www.indeed.com/viewjob?jk=05d16620ff4cdc7e
Mobile Engineer - Flutter,Greenbits Inc.,Oregon,https://www.indeed.com/viewjob?jk=cef935d44ee82a9e
Flutter Developer,"Matrix Precise, Inc.","Los Altos, CA",https://www.indeed.com/viewjob?jk=556489370cc09e06
Full Stack Developer,Skycart Inc,"New York, NY",https://www.indeed.com/viewjob?jk=75dd11091356c5e0
Flutter Frontend Developer - Lead Frontend,Carbonara,"Pittsburgh, PA",https://www.indeed.com/viewjob?jk=1a2b149484d1a175
"Tech Lead/Full-stack Developer [iOS/Flutter] (Freelance, Remote)",Braintrust,"San Francisco, CA",https://www.indeed.com/viewjob?jk=855859b05f64b80e
Flutter Technical Lead - Remote,The Scotts Miracle-Gro Company,"Marysville, OH",https://www.indeed.com/viewjob?jk=51db2464f2aa73b9
Senior Flutter Engineer,Good Money,New York State,https://www.indeed.com/viewjob?jk=b07006f00e7effcf
Science Teacher,The Hidden Genius Project,"Oakland, CA",https://www.indeed.com/viewjob?jk=e919acd5df1c9b01
Full Stack Web Application Developer,"CIMA General Contractors, Inc.",Remote,https://www.indeed.com/viewjob?jk=6bee3b3a1cd8fd27
Full Stack Developer,"Light Up the Dark, LLC","Belton, MO",https://www.indeed.com/viewjob?jk=22aae1dd35c6f673
iOS Application Developer,Exfinity Enterprise solutions,"San Francisco, CA",https://www.indeed.com/viewjob?jk=61e263964fce7891
Mobile QA II,Foverobrains,"Seattle, WA",https://www.indeed.com/viewjob?jk=1f9e7fb5e5fc1c2e
React Native or Flutter mobile app developer (Navi Mumbai),Nisos Health,"Brooklyn, NY",https://www.indeed.com/viewjob?jk=57551e6fcc10ed31
Full Stack Engineer,Skycart Inc,"San Francisco, CA",https://www.indeed.com/viewjob?jk=24a6bb29f0e121e7
Front End Developer,FlairTech Solutions LLC,"Brooklyn, NY",https://www.indeed.com/viewjob?jk=35450b5ecd2a4f6e
Senior Fullstack Engineer (Ruby/Rails) - 100% Remote,Surkus,Remote,https://www.indeed.com/viewjob?jk=9a1c51ed43df410b
Machine Shop Apprentice Part-Time -- Federal Ammunition,Vista Outdoor,"Anoka, MN",https://www.indeed.com/viewjob?jk=5ddd771f486e9897
Full-Stack Software Engineer,Shazam.net,"Johnston, IA",https://www.indeed.com/viewjob?jk=9be4e667b0b32e58
Frontend Web Developer,Carbonara,"Pittsburgh, PA",https://www.indeed.com/viewjob?jk=968ffe2c576a0829
Aircraft Flutter & Dynamics Technical Lead-OCONUS,LOCKHEED MARTIN CORPORATION,"Fort Worth, TX",https://www.indeed.com/viewjob?jk=8075573e80f85c00
Mobile Engineer,Betterment LLC,United States,https://www.indeed.com/viewjob?jk=fab5f0717ca89cc2
QA Analyst,ITRGroup,"Seattle, WA",https://www.indeed.com/viewjob?jk=96e7f8b7963f85ef
Senior Software Developer,Brycer,"Warrenville, IL",https://www.indeed.com/viewjob?jk=5bd47e0365134d80
Mobile Software Engineer (React-Native) (Remote),RoadBotics,Remote,https://www.indeed.com/viewjob?jk=d3cd9e6f29504e22
Quality Software Engineer,Commure,"Cambridge, MA",https://www.indeed.com/viewjob?jk=80d86bb86ff75ec2
Dev Ops / Web Developer Internship - Paid PT,Our Daily Bread,"Grand Rapids, MI",https://www.indeed.com/viewjob?jk=f605d32fdfe16aa1
"Front End Software Intern, GeForce NOW - Winter 2021",NVIDIA,"Santa Clara, CA",https://www.indeed.com/viewjob?jk=bdbb86a3581b1ad3
Senior Full Stack Web Developer,"Light Up the Dark, LLC","Belton, MO",https://www.indeed.com/viewjob?jk=3afebaf1f29d65fe
COMPUTER SCIENTIST - SPACE SCIENCE WEB DEVELOPMENT,Southwest Research Institute,"San Antonio, TX",https://www.indeed.com/viewjob?jk=a9be2bc9335cfff5
Sr Developer Full-Time Remote,"CargoTel, Inc","Littleton, CO",https://www.indeed.com/viewjob?jk=2aab1a03d2e81b5d
Mobile App Developer,Arke,"Atlanta, GA",https://www.indeed.com/viewjob?jk=ce7d48c7e7576aa1
React Developer,Fyresite,"Phoenix, AZ",https://www.indeed.com/viewjob?jk=cb70f2b0fbe93955
Junior Developer,"Towlift, Inc","Cleveland, OH",https://www.indeed.com/viewjob?jk=e540a5f05f78776a
Head of Account Management,Genius Sports Group,"New York, NY",https://www.indeed.com/viewjob?jk=c3fa5ca4b1747ce6
Android Developer,Full Visbility,United States,https://www.indeed.com/viewjob?jk=0dcef7ee6079f3fd
Software Developer (Flutter),Ideatree,"West Hollywood, CA",https://www.indeed.com/viewjob?jk=7c4e03e85174f27c
Aircraft Flutter & Dynamics Technical Lead-OCONUS,Sikorsky Aircraft Corporation,"Fort Worth, TX",https://www.indeed.com/viewjob?jk=54ef967f3afa6342
Senior Software Engineer,Brycer,"Warrenville, IL",https://www.indeed.com/viewjob?jk=f7084769c65bce22
Full Stack Developer,Reliable PBX Corp,United States,https://www.indeed.com/viewjob?jk=8608293fc3e841d8
Software Engineer,realtor.com,"Austin, TX",https://www.indeed.com/viewjob?jk=70582ab09c41521c
Sr. iOS Application Developer-Flutter,Magnum Hunt,Remote,https://www.indeed.com/viewjob?jk=d320277dac2e9180
"Flutter Developer, Financial Services",DataArt,Remote,https://www.indeed.com/viewjob?jk=fa13bbdd4433b0b8
Flutter Mobile App Developer,"CIMA General Contractors, Inc.",Remote,https://www.indeed.com/viewjob?jk=7ccd3c2625445f85
Flutter Developer,Nexient,"Ann Arbor, MI",https://www.indeed.com/viewjob?jk=7843d5ce8a2860f7
Flutter Developer Independent Contractor,Effortless Development LLC.,"Austin, TX",https://www.indeed.com/viewjob?jk=a79b4fd3a2b9608b
Full Stack Developer (Flutter),Digital Mobile Agency,Remote,https://www.indeed.com/viewjob?jk=406ee8c0d6fe2a46
Flutter Engineer,HMT,"New York, NY",https://www.indeed.com/viewjob?jk=1b7b38fbacd33873
Senior Mobile App Developer (Flutter),Digitalent,Remote,https://www.indeed.com/viewjob?jk=9ada535b8efe6176
Flutter Mobile Developer (Remote),The Consultant’s Consortium,"Indianapolis, IN",https://www.indeed.com/viewjob?jk=42f008235ec4b6e2
Flutter Mobile Developer (Remote),Curotec,Remote,https://www.indeed.com/viewjob?jk=e73c06fc52519ba7
Event Planner,Zigmano,"Los Angeles, CA",https://www.indeed.com/viewjob?jk=2615b4d35011294f
Front End Developer,Rantizo,"Iowa City, IA",https://www.indeed.com/viewjob?jk=bc5c98738a8b9724
Social Media Coordinator,Progress Mfg. Inc.,"Provo, UT",https://www.indeed.com/viewjob?jk=05d16620ff4cdc7e
Mobile Engineer - Flutter,Greenbits Inc.,Oregon,https://www.indeed.com/viewjob?jk=cef935d44ee82a9e
Flutter Developer,"Matrix Precise, Inc.","Los Altos, CA",https://www.indeed.com/viewjob?jk=556489370cc09e06
Full Stack Developer,Skycart Inc,"New York, NY",https://www.indeed.com/viewjob?jk=75dd11091356c5e0
"Tech Lead/Full-stack Developer [iOS/Flutter] (Freelance, Remote)",Braintrust,"San Francisco, CA",https://www.indeed.com/viewjob?jk=855859b05f64b80e
Flutter Technical Lead - Remote,The Scotts Miracle-Gro Company,"Marysville, OH",https://www.indeed.com/viewjob?jk=51db2464f2aa73b9
Senior Flutter Engineer,Good Money,New York State,https://www.indeed.com/viewjob?jk=b07006f00e7effcf
Science Teacher,The Hidden Genius Project,"Oakland, CA",https://www.indeed.com/viewjob?jk=e919acd5df1c9b01
Full Stack Web Application Developer,"CIMA General Contractors, Inc.",Remote,https://www.indeed.com/viewjob?jk=6bee3b3a1cd8fd27
Full Stack Developer,"Light Up the Dark, LLC","Belton, MO",https://www.indeed.com/viewjob?jk=22aae1dd35c6f673
iOS Application Developer,Exfinity Enterprise solutions,"San Francisco, CA",https://www.indeed.com/viewjob?jk=61e263964fce7891
Mobile QA II,Foverobrains,"Seattle, WA",https://www.indeed.com/viewjob?jk=1f9e7fb5e5fc1c2e
React Native or Flutter mobile app developer (Navi Mumbai),Nisos Health,"Brooklyn, NY",https://www.indeed.com/viewjob?jk=57551e6fcc10ed31
Full Stack Engineer,Skycart Inc,"San Francisco, CA",https://www.indeed.com/viewjob?jk=24a6bb29f0e121e7
Front End Developer,FlairTech Solutions LLC,"Brooklyn, NY",https://www.indeed.com/viewjob?jk=35450b5ecd2a4f6e
Senior Fullstack Engineer (Ruby/Rails) - 100% Remote,Surkus,Remote,https://www.indeed.com/viewjob?jk=9a1c51ed43df410b
Machine Shop Apprentice Part-Time -- Federal Ammunition,Vista Outdoor,"Anoka, MN",https://www.indeed.com/viewjob?jk=5ddd771f486e9897
Full-Stack Software Engineer,Shazam.net,"Johnston, IA",https://www.indeed.com/viewjob?jk=9be4e667b0b32e58
Frontend Web Developer,Carbonara,"Pittsburgh, PA",https://www.indeed.com/viewjob?jk=968ffe2c576a0829
Aircraft Flutter & Dynamics Technical Lead-OCONUS,LOCKHEED MARTIN CORPORATION,"Fort Worth, TX",https://www.indeed.com/viewjob?jk=8075573e80f85c00
Mobile Engineer,Betterment LLC,United States,https://www.indeed.com/viewjob?jk=fab5f0717ca89cc2
QA Analyst,ITRGroup,"Seattle, WA",https://www.indeed.com/viewjob?jk=96e7f8b7963f85ef
Senior Software Developer,Brycer,"Warrenville, IL",https://www.indeed.com/viewjob?jk=5bd47e0365134d80
Mobile Software Engineer (React-Native) (Remote),RoadBotics,Remote,https://www.indeed.com/viewjob?jk=d3cd9e6f29504e22
Quality Software Engineer,Commure,"Cambridge, MA",https://www.indeed.com/viewjob?jk=80d86bb86ff75ec2
Dev Ops / Web Developer Internship - Paid PT,Our Daily Bread,"Grand Rapids, MI",https://www.indeed.com/viewjob?jk=f605d32fdfe16aa1
"Front End Software Intern, GeForce NOW - Winter 2021",NVIDIA,"Santa Clara, CA",https://www.indeed.com/viewjob?jk=bdbb86a3581b1ad3
Senior Full Stack Web Developer,"Light Up the Dark, LLC","Belton, MO",https://www.indeed.com/viewjob?jk=3afebaf1f29d65fe
COMPUTER SCIENTIST - SPACE SCIENCE WEB DEVELOPMENT,Southwest Research Institute,"San Antonio, TX",https://www.indeed.com/viewjob?jk=a9be2bc9335cfff5
Sr Developer Full-Time Remote,"CargoTel, Inc","Littleton, CO",https://www.indeed.com/viewjob?jk=2aab1a03d2e81b5d
Mobile App Developer,Arke,"Atlanta, GA",https://www.indeed.com/viewjob?jk=ce7d48c7e7576aa1
React Developer,Fyresite,"Phoenix, AZ",https://www.indeed.com/viewjob?jk=cb70f2b0fbe93955
Junior Developer,"Towlift, Inc","Cleveland, OH",https://www.indeed.com/viewjob?jk=e540a5f05f78776a
Head of Account Management,Genius Sports Group,"New York, NY",https://www.indeed.com/viewjob?jk=c3fa5ca4b1747ce6
Android Developer,Full Visbility,United States,https://www.indeed.com/viewjob?jk=0dcef7ee6079f3fd
Software Developer (Flutter),Ideatree,"West Hollywood, CA",https://www.indeed.com/viewjob?jk=7c4e03e85174f27c
Aircraft Flutter & Dynamics Technical Lead-OCONUS,Sikorsky Aircraft Corporation,"Fort Worth, TX",https://www.indeed.com/viewjob?jk=54ef967f3afa6342
Analytics Vice President,FanDuel,"New York, NY",https://www.indeed.com/viewjob?jk=9948ed15143e791e

